Artemis Name;Issuer;Issue Date;Maturity; Issue Volumn ; Principle Reduced ;Coupon;Coupon Frequency;Issue Price;Trades;Finra Ticker;CUSIP;Risk;Risk Category;Region covered;Risk Category simplified;No of Perils;Wildfire
3264 Re Ltd. (Series 2020-1);3264 RE LTD;24.01.2020;07.02.2023;150000000; FALSE ;9,814;Quarterly;100;29;TTSF4938696;88577CAA9;U.S. named storm, U.S. & Canada earthquake, European windstorm;International multi-peril;US & CA & EU;International multi-peril;3;FALSE
Acorn Re Ltd. (Series 2018-1);ACORN RE LTD;10.07.2018;10.11.2021;400000000; FALSE ;3,722;Monthly;100;168;ACNR4653239;00485YAB5;U.S. earthquake;U.S. earthquake;US;U.S. earthquake;1;FALSE
Akibare Re Ltd. (Series 2016-1);AKIBARE RE LTD;14.03.2016;07.04.2023;200000000; TRUE ;3,432;Quarterly;100;162;AKBR4343092;00973XAA8;Japan typhoon;Japan typhoon;JP;Japan typhoon;1;FALSE
Akibare Re Ltd. (Series 2018-1);AKIBARE RE LTD;28.03.2018;07.04.2022;220000000; FALSE ;2,196;Quarterly;100;129;AKBR4612995;00973XAB6;Japan typhoon, Japan flood, Japan earthquake fire;Japan multi-peril;JP;Japan multi-peril;3;TRUE
Akibare Re Ltd. (Series 2018-1);AKIBARE RE LTD;28.03.2018;07.04.2022;100000000; FALSE ;2,196;Quarterly;100;53;AKBR4612996;00973XAC4;Japan typhoon, Japan flood, Japan earthquake fire;Japan multi-peril;JP;Japan multi-peril;3;TRUE
Akibare Re Pte. Ltd. (Series 2020-1);AKIBARE RE LTD;26.03.2020;08.04.2024;100000000; FALSE ;2,661;Quarterly;100;3;AKBR4962279;00974NAA9;Japan typhoon, Japan flood;Japan multi-peril;JP;Japan multi-peril;2;FALSE
Alamo Re II Pte. Ltd. (Series 2020-1);ALAMO RE II PTE LTD;09.06.2020;08.06.2023;400000000; FALSE ;5,75;Monthly;100;0;MOEO4996039;011396AA6;Texas named storms and severe thunderstorms;Texas multi-peril;US;U.S. multi-peril;2;FALSE
Alamo Re Ltd. (Series 2015-1);ALAMO RE LTD;13.05.2015;07.06.2019;400000000; FALSE ;6,49;Quarterly;100;159;MOEO4242713;011395AC4;Texas named storms;Texas multi-peril;US;U.S. named storm and hurricane;1;FALSE
Alamo Re Ltd. (Series 2017-1);ALAMO RE LTD;30.05.2017;08.06.2020;400000000; FALSE ;5,241;Quarterly;100;190;MOEO4500090;011395AD2;Texas named storms and severe thunderstorms;Texas multi-peril;US;U.S. named storm and hurricane;2;FALSE
Alamo Re Ltd. (Series 2018-1);ALAMO RE LTD;06.06.2018;07.06.2021;400000000; FALSE ;3,357;Monthly;100;106;MOEO4636953;011395AE0;Texas named storms and severe thunderstorms;Texas multi-peril;US;U.S. named storm and hurricane;2;FALSE
Alamo Re Ltd. (Series 2019-1);ALAMO RE LTD;28.05.2019;05.06.2026;200000000; FALSE ;4,372;Monthly;100;31;MOEO4837478;011395AF7;Texas named storms and severe thunderstorms;Texas multi-peril;US;U.S. named storm and hurricane;2;FALSE
Aozora Re Ltd. (Series 2016-1);AOZORA RE LTD;29.03.2016;07.04.2020;220000000; FALSE ;4,297;Quarterly;100;110;AZBL4347239;037401AC0;Japan typhoon;Japan typhoon;JP;Japan typhoon;1;FALSE
Aozora Re Ltd. (Series 2017-1);AOZORA RE LTD;29.03.2017;07.04.2021;480000000; FALSE ;2,366;Quarterly;100;136;AZBL4475008;037401AD8;Japan typhoon;Japan typhoon;JP;Japan typhoon;1;FALSE
Armor Re II Ltd. (Series 2018-1);ARMOR RE II LTD;13.04.2018;08.06.2023;100000000; FALSE ;0,813;Quarterly;100;81;ARMO4621670;04227FAA3;U.S. named storm, U.S. earthquake;U.S. multi-peril;US;U.S. multi-peril;2;FALSE
Armor Re II Ltd. (Series 2019-1);ARMOR RE II LTD;14.05.2019;08.06.2026;100000000; FALSE ;7,346;Quarterly;100;33;ARMO4839092;04227FAB1;U.S. named storm, U.S. earthquake;U.S. multi-peril;US;U.S. multi-peril;2;FALSE
Atlas Capital Reinsurance 2020 DAC (Series 2020-1);ATLAS CAP REINS 2020 DAC;29.04.2020;10.06.2024;200000000; FALSE ;8,25;Quarterly;100;8;ATSN4979307;04921RAA6;U.S. named storm, U.S. & Canada earthquake;International multi-peril;US & CA;International multi-peril;2;FALSE
Atlas Capital UK 2018 PLC (Series 2018 ISPV 1);ATLAS CAP UK 2018 PLC;31.05.2018;07.06.2022;300000000; FALSE ;7,48;Quarterly;100;100;ATSN4638444;04921AAA3;U.S. named storm, U.S. and Canada earthquake, European windstorm;International multi-peril;US & CA & EU;International multi-peril;3;FALSE
Atlas Capital UK 2019 PLC (Series 2019-1);ATLAS CAP UK 2019 PLC;31.05.2019;07.06.2023;250000000; FALSE ;12,37;Quarterly;100;22;ATSN4839529;04921QAA8;U.S. named storm, U.S. and Canada earthquake, European windstorm;International multi-peril;US & CA & EU;International multi-peril;3;FALSE
Atlas IX Capital Limited (Series 2015-1);ATLAS IX CAP DAC;10.02.2015;07.04.2020;150000000; TRUE ;2,223;Quarterly;100;97;ATLZ4209635;049382AC8;U.S. named storm, U.S. and Canada earthquake;International multi-peril;US & CA;International multi-peril;2;FALSE
Atlas IX Capital DAC (Series 2016-1);ATLAS IX CAP DAC;24.12.2015;08.01.2020;300000000; FALSE ;9,269;Quarterly;100;24;ATLZ4323028;049382AD6;U.S. named storm, U.S. and Canada earthquake;International multi-peril;US & CA;International multi-peril;2;FALSE
Blue Halo Re Ltd. (Series 2016-1);BLUE HALO RE LTD;16.06.2016;22.06.2022;130000000; FALSE ;0,822;Monthly;100;51;BHLO4373276;095538AA2;U.S. named storm, U.S. earthquake;U.S. multi-peril;US;U.S. multi-peril;2;FALSE
Blue Halo Re Ltd. (Series 2016-1);BLUE HALO RE LTD;16.06.2016;22.06.2022;55000000; TRUE ;0,025;Monthly;100;7;BHLO4373277;095538AB0;U.S. named storm, U.S. earthquake;U.S. multi-peril;US;U.S. multi-peril;2;FALSE
Blue Halo Re Ltd. (Series 2016-2);BLUE HALO RE LTD;21.07.2016;26.07.2019;225000000; FALSE ;10,264;Quarterly;100;52;BHLO4384603;095538AC8;U.S. named storm, U.S. earthquake;U.S. multi-peril;US;U.S. multi-peril;2;FALSE
Blue Halo Re Ltd. (Series 2020-1);BLUE HALO RE LTD;19.06.2020;28.06.2023;150000000; FALSE ;13,379313;Quarterly;100;0;BHLO4997220;095538AD6;U.S. named storms;U.S. named storm and hurricane;US;U.S. named storm and hurricane;1;FALSE
Blue Halo Re Ltd. (Series 2020-1);BLUE HALO RE LTD;19.06.2020;30.06.2021;25000000; FALSE ;16;Quarterly;100;0;BHLO4997221;095538AE4;U.S. named storms;U.S. named storm and hurricane;US;U.S. named storm and hurricane;1;FALSE
Bonanza Re Ltd. (Series 2016-1);BONANZA RE LTD;28.11.2016;31.12.2019;150000000; FALSE ;5,602;Monthly;100;85;BRSU4431729;09785EAA9;U.S. named storms and severe thunderstorms;U.S. named storm and hurricane;US;U.S. multi-peril;2;FALSE
Bonanza Re Ltd. (Series 2016-1);BONANZA RE LTD;01.12.2016;31.12.2019;50000000; FALSE ;6,555;Monthly;100;26;BRSU4431730;09785EAB7;U.S. named storms and severe thunderstorms;U.S. named storm and hurricane;US;U.S. multi-peril;2;FALSE
Bonanza Re Ltd. (Series 2020-1);BONANZA RE LTD;19.02.2020;20.02.2024;200000000; FALSE ;5,238;Quarterly;100;13;BRSU4966841;09785EAC5;U.S. named storms, severe thunderstorms, winter storms, wildfires, earthquakes;U.S. named storm and hurricane;US;U.S. multi-peril;5;TRUE
Bowline Re Ltd. (Series 2018-1);BOWLINE RE LTD;16.05.2018;23.05.2022;250000000; FALSE ;5,043;Quarterly;100;128;BWLE4631481;10260PAA6;U.S., Puerto Rico, U.S. Virgin Islands, D.C., Canada named storm, earthquake and severe thunderstorm;International multi-peril;US & CA;U.S. multi-peril;3;FALSE
Bowline Re Ltd. (Series 2019-1);BOWLINE RE LTD;13.03.2019;20.03.2023;100000000; FALSE ;4,915;Quarterly;100;47;BWLE4807211;10260PAB4;U.S., Puerto Rico, U.S. Virgin Islands, D.C., Canada named storm, earthquake and severe thunderstorm;International multi-peril;US & CA;International multi-peril;3;FALSE
Bowline Re Ltd. (Series 2019-1);BOWLINE RE LTD;13.03.2019;20.03.2023;150000000; FALSE ;9,265;Quarterly;100;40;BWLE4807212;10260PAC2;U.S., Puerto Rico, U.S. Virgin Islands, D.C., Canada named storm, earthquake and severe thunderstorm;International multi-peril;US & CA;International multi-peril;3;FALSE
Buffalo Re Ltd. (Series 2017-1);BUFFALO RE LTD;10.03.2017;07.04.2020;105000000; FALSE ;3,25;Monthly;100;47;BFRF4465146;119798AA4;U.S. named storm, U.S. earthquake;U.S. multi-peril;US;U.S. multi-peril;2;FALSE
Buffalo Re Ltd. (Series 2017-1);BUFFALO RE LTD;10.03.2017;07.04.2020;59500000; FALSE ;6,75;Monthly;100;60;BFRF4465147;119798AB2;U.S. named storm, U.S. earthquake;U.S. multi-peril;US;U.S. multi-peril;2;FALSE
Caelus Re 2013 Ltd. (Series 2013-1);CAELUS RE 2013 LIMITED;07.03.2013;07.03.2019;270000000; FALSE ;6,26;Quarterly;100;64;CAEA3976503;12764TAA5;U.S. hurricane, U.S. earthquake;U.S. multi-peril;US;U.S. multi-peril;2;FALSE
Caelus Re IV Ltd. (Series 2016-1);CAELUS RE IV LIMITED;29.02.2016;06.03.2020;300000000; FALSE ;7,039;Quarterly;100;121;CAEA4338126;12765JAA6;U.S. named storm, earthquake, severe thunderstorm, winter storm, wildfire, meteorite impact, volcanic eruption;U.S. multi-peril;US;U.S. multi-peril;7;TRUE
Caelus Re VI Ltd. (Series 2020-1 & 2020-2);CAELUS RE LTD;27.02.2020;07.06.2023;150000000; FALSE ;5,5;Quarterly;100;9;CAEA4950788;12765MAA9;U.S. named storm, earthquake, severe thunderstorm, winter storm, wildfire, meteorite impact, volcanic eruption, other perils;U.S. multi-peril;US;U.S. multi-peril;7;TRUE
Caelus Re VI Ltd. (Series 2020-1 & 2020-2);CAELUS RE LTD;27.02.2020;07.06.2024;150000000; FALSE ;5,5;Quarterly;100;15;CAEA4950789;12765MAB7;U.S. named storm, earthquake, severe thunderstorm, winter storm, wildfire, meteorite impact, volcanic eruption, other perils;U.S. multi-peril;US;U.S. multi-peril;7;TRUE
Caelus Re VI Ltd. (Series 2020-1 & 2020-2);CAELUS RE LTD;27.02.2020;07.06.2023;75000000; FALSE ;5,5;Quarterly;100;6;CAEA4950790;12765MAC5;U.S. named storm, earthquake, severe thunderstorm, winter storm, wildfire, meteorite impact, volcanic eruption, other perils;U.S. multi-peril;US;U.S. multi-peril;7;TRUE
Caelus Re VI Ltd. (Series 2020-1 & 2020-2);CAELUS RE LTD;27.02.2020;07.06.2023;75000000; FALSE ;7,75;Quarterly;100;2;CAEA4950791;12765MAD3;U.S. named storm, earthquake, severe thunderstorm, winter storm, wildfire, meteorite impact, volcanic eruption, other perils;U.S. multi-peril;US;U.S. multi-peril;7;TRUE
Caelus Re VI Ltd. (Series 2020-1 & 2020-2);CAELUS RE LTD;27.02.2020;07.06.2023;40000000; FALSE ;12,75;Quarterly;100;847;CAEA4950792;12765MAE1;U.S. named storm, earthquake, severe thunderstorm, winter storm, wildfire, meteorite impact, volcanic eruption, other perils;U.S. multi-peril;US;U.S. multi-peril;7;TRUE
Caelus Re V Ltd. (Series 2017-1);CAELUS RE V LIMITED;04.05.2017;05.06.2020;75000000; FALSE ;3,25;Quarterly;100;29;CAEA4490528;12765KAA3;U.S. named storm, earthquake, severe thunderstorm, winter storm, wildfire, meteorite impact, volcanic eruption, other perils;U.S. multi-peril;US;U.S. multi-peril;7;TRUE
Caelus Re V Ltd. (Series 2017-1);CAELUS RE V LIMITED;04.05.2017;05.06.2024;150000000; TRUE ;4,5;Monthly;100;41;CAEA4490529;12765KAB1;U.S. named storm, earthquake, severe thunderstorm, winter storm, wildfire, meteorite impact, volcanic eruption, other perils;U.S. multi-peril;US;U.S. multi-peril;7;TRUE
Caelus Re V Ltd. (Series 2017-1);CAELUS RE V LIMITED;04.05.2017;05.06.2024;75000000; FALSE ;6,5;Monthly;100;6;CAEA4490530;12765KAC9;U.S. named storm, earthquake, severe thunderstorm, winter storm, wildfire, meteorite impact, volcanic eruption, other perils;U.S. multi-peril;US;U.S. multi-peril;7;TRUE
Caelus Re V Ltd. (Series 2017-1);CAELUS RE V LIMITED;04.05.2017;05.06.2024;75000000; TRUE ;9,25;Monthly;100;14;CAEA4490531;12765KAD7;U.S. named storm, earthquake, severe thunderstorm, winter storm, wildfire, meteorite impact, volcanic eruption, other perils;U.S. multi-peril;US;U.S. multi-peril;7;TRUE
Caelus Re V Ltd. (Series 2018-1);CAELUS RE V LIMITED;10.05.2018;07.06.2021;75000000; FALSE ;11,326;Quarterly;100;6;CAEA4630308;12765KAH8;U.S. named storm, earthquake (inc. fire following), severe thunderstorm, winter storm, wildfire, meteorite impact, volcanic eruption, other perils;U.S. multi-peril;US;U.S. multi-peril;7;TRUE
Caelus Re V Ltd. (Series 2018-1);CAELUS RE V LIMITED;10.05.2018;07.06.2021;175000000; FALSE ;8,121;Quarterly;100;24;CAEA4630309;12765KAG0;U.S. named storm, earthquake (inc. fire following), severe thunderstorm, winter storm, wildfire, meteorite impact, volcanic eruption, other perils;U.S. multi-peril;US;U.S. multi-peril;7;TRUE
Caelus Re V Ltd. (Series 2018-1);CAELUS RE V LIMITED;10.05.2018;07.06.2021;75000000; FALSE ;4,931;Quarterly;100;26;CAEA4630310;12765KAF2;U.S. named storm, earthquake (inc. fire following), severe thunderstorm, winter storm, wildfire, meteorite impact, volcanic eruption, other perils;U.S. multi-peril;US;U.S. multi-peril;7;TRUE
Caelus Re V Ltd. (Series 2018-1);CAELUS RE V LIMITED;10.05.2018;07.06.2021;125000000; FALSE ;5,349;Quarterly;100;23;CAEA4630311;12765KAE5;U.S. named storm, earthquake (inc. fire following), severe thunderstorm, winter storm, wildfire, meteorite impact, volcanic eruption, other perils;U.S. multi-peril;US;U.S. multi-peril;7;TRUE
Cal Phoenix Re Ltd. (Series 2018-1);CAL PHOENIX RE;02.08.2018;13.08.2026;200000000; FALSE ;0,733;Monthly;100;12;CPHX4661976;12482PAA4;California wildfire;California wildfire;US;California wildfire;1;TRUE
Cape Lookout Re Ltd. (Series 2019-1);CAPE LOOKOUT RE LTD.;19.02.2019;25.02.2025;450000000; FALSE ;4,202;Monthly;100;72;CPRE4797225;13947LAA0;North Carolina named storm & severe thunderstorm;North Carolina multi-peril;US;U.S. multi-peril;2;FALSE
Cape Lookout Re Ltd. (Series 2019-2);CAPE LOOKOUT RE LTD.;19.06.2019;09.05.2022;100000000; FALSE ;6,379;Monthly;100;16;CPRE4847244;13947LAB8;North Carolina named storm & severe thunderstorm;North Carolina multi-peril;US;U.S. multi-peril;2;FALSE
Casablanca Re Pte. Ltd. (Series 2020-1);CASABLANCA RE PTE LTD;12.06.2020;06.06.2023;40000000; FALSE ;0;Zero;91,75;0;CBLP4999806;14713CAA0;Florida named storm;U.S. named storm and hurricane;US;U.S. named storm and hurricane;1;FALSE
Casablanca Re Pte. Ltd. (Series 2020-1);CASABLANCA RE PTE LTD;12.06.2020;06.06.2023;25000000; FALSE ;0;Zero;87,5;0;CBLP4999807;14713CAB8;Florida named storm;U.S. named storm and hurricane;US;U.S. named storm and hurricane;1;FALSE
Catahoula Re Pte. Ltd. (Series 2020-1);CATAHOULA RE PTE LTD;11.05.2020;09.05.2023;60000000; FALSE ;3,5;Monthly;100;10;CTPFE4983736;148802AA9;Louisiana named storm & severe thunderstorm;Louisiana multi-peril;US;U.S. named storm and hurricane;2;FALSE
Citrus Re Ltd. (Series 2015-1);CITRUS RE LTD;08.04.2015;09.04.2020;97500000; TRUE ;6;Monthly;100;43;QSTT4229775;177510AD6;U.S. named storms (Florida only initially);U.S. named storm and hurricane;US;U.S. named storm and hurricane;1;FALSE
Citrus Re Ltd. (Series 2015-1);CITRUS RE LTD;08.04.2015;09.04.2020;30000000; FALSE ;9;Monthly;100;43;QSTT4229776;177510AE4;U.S. named storms (Florida only initially);U.S. named storm and hurricane;US;U.S. named storm and hurricane;1;FALSE
Citrus Re Ltd. (Series 2016-1);CITRUS RE LTD;24.02.2016;25.02.2019;100000000; FALSE ;10,5;Monthly;100;8;QSTT4337419;177510AG9;U.S. named storms (Florida & Hawaii only initially);U.S. named storm and hurricane;US;U.S. named storm and hurricane;1;FALSE
Citrus Re Ltd. (Series 2016-1);CITRUS RE LTD;24.02.2016;25.02.2021;150000000; TRUE ;7,5;Monthly;100;47;QSTT4337420;177510AF1;U.S. named storms (Florida & Hawaii only initially);U.S. named storm and hurricane;US;U.S. named storm and hurricane;1;FALSE
Citrus Re Ltd. (Series 2017-1);CITRUS RE LTD;13.03.2017;20.03.2023;125000000; TRUE ;7,485;Quarterly;100;39;QSTT4463935;177510AH7;U.S. named storms;U.S. named storm and hurricane;US;U.S. named storm and hurricane;1;FALSE
Citrus Re Ltd. (Series 2017-2);CITRUS RE LTD;11.05.2017;18.03.2020;35000000; FALSE ;12,322;Quarterly;100;0;QSTT4495025;177510AJ3;U.S. named storms;U.S. named storm and hurricane;US;U.S. named storm and hurricane;1;FALSE
Cranberry Re Ltd. (Series 2017-1);CRANBERRY RE LTD;12.06.2017;13.07.2020;350000000; FALSE ;3,473;Monthly;100;173;CRBY4504176;224287AB8;Massachusetts named storm, severe thunderstorm & winter storm;U.S. named storm and hurricane;US;U.S. multi-peril;3;FALSE
East Lane Re VI Ltd. (Series 2015-1);EAST LANE RE VI LTD;06.03.2015;13.03.2020;250000000; FALSE ;5,096;Quarterly;100;109;ELRP4218567;27332QAB0;U.S. named storms, earthquakes, severe thunderstorms, winter storms, wildfires, volcanic eruption, meteorite impact;U.S. multi-peril;US;U.S. multi-peril;7;TRUE
Everglades Re II Ltd. (Series 2017-1);EVERGLADES RE II LTD;09.05.2017;08.05.2023;300000000; FALSE ;6,773;Quarterly;100;161;EVGE4490655;30014LAB0;Florida named storms;U.S. named storm and hurricane;US;U.S. named storm and hurricane;1;FALSE
Everglades Re II Ltd. (Series 2018-1);EVERGLADES RE II LTD;15.05.2018;04.05.2021;250000000; FALSE ;5,081;Quarterly;100;89;EVGE4631480;30014LAC8;Florida named storms;U.S. named storm and hurricane;US;U.S. named storm and hurricane;1;FALSE
Everglades Re II Ltd. (Series 2020-2);EVERGLADES RE II LTD;28.05.2020;04.05.2023;110000000; FALSE ;6,25;Quarterly;100;4;EVGE4990850;30014LAE4;Florida named storms;U.S. named storm and hurricane;US;U.S. named storm and hurricane;1;FALSE
First Coast Re II Pte. Ltd. (Series 2019-1);FIRST COAST RE II PTE LTD;24.05.2019;07.06.2027;100000000; FALSE ;5,25;Quarterly;100;21;FCOS4835373;31970MAA0;Florida named storm, severe thunderstorm;Florida multi-peril;US;U.S. multi-peril;2;FALSE
First Coast Re Ltd. (Series 2016-1);FIRST COAST RE LTD;31.05.2016;07.06.2019;75000000; FALSE ;5,913;Quarterly;100;53;FCOS4368135;31970LAA2;Florida named storm, severe thunderstorm;Florida multi-peril;US;U.S. multi-peril;2;FALSE
First Coast Re Ltd. (Series 2017-1);FIRST COAST RE LTD;25.04.2017;07.06.2021;175000000; FALSE ;5,054;Quarterly;100;63;FCOS4483497;31970LAB0;Florida named storm, severe thunderstorm;Florida multi-peril;US;U.S. multi-peril;2;FALSE
FloodSmart Re Ltd. (Series 2018-1);FloodSmart Re Ltd.;30.07.2018;06.08.2021;325000000; FALSE ;10,57;Monthly;100;62;FLDX4660385;33975CAA3;U.S. flood risk (from named storms);U.S. flood risk;US;U.S. flood risk (from named storm);1;FALSE
FloodSmart Re Ltd. (Series 2018-1);FloodSmart Re Ltd.;30.07.2018;06.08.2021;175000000; FALSE ;12,67;Monthly;100;54;FLDX4660386;33975CAB1;U.S. flood risk (from named storms);U.S. flood risk;US;U.S. flood risk (from named storm);1;FALSE
FloodSmart Re Ltd. (Series 2019-1);FloodSmart Re Ltd.;16.04.2019;07.03.2025;250000000; FALSE ;11,25;Monthly;100;45;FLDX4820061;33975CAC9;U.S. flood risk (from named storms);U.S. flood risk;US;U.S. flood risk (from named storm);1;FALSE
FloodSmart Re Ltd. (Series 2019-1);FloodSmart Re Ltd.;16.04.2019;07.03.2022;50000000; FALSE ;14,5;Monthly;100;22;FLDX4820062;33975CAD7;U.S. flood risk (from named storms);U.S. flood risk;US;U.S. flood risk (from named storm);1;FALSE
FloodSmart Re Ltd. (Series 2020-1);FloodSmart Re Ltd.;20.02.2020;27.02.2023;300000000; FALSE ;10,337;Monthly;100;10;FLDX4953105;33975CAE5;U.S. flood risk (from named storms);U.S. flood risk;US;U.S. flood risk (from named storm);1;FALSE
FloodSmart Re Ltd. (Series 2020-1);FloodSmart Re Ltd.;20.02.2020;27.02.2023;100000000; FALSE ;13,603;Monthly;100;4;FLDX4953106;33975CAF2;U.S. flood risk (from named storms);U.S. flood risk;US;U.S. flood risk (from named storm);1;FALSE
Fortius Re II Ltd. (Series 2017-1);FORTIUS RE II LTD;19.07.2017;07.07.2021;100000000; FALSE ;4,86;Monthly;100;50;FFAU4518792;34961KAA9;U.S. named storms, U.S. earthquake, Canada earthquake;International multi-peril;US & CA;International multi-peril;2;FALSE
Frontline Re Ltd. (Series 2018-1);Frontline Re Ltd;26.06.2018;06.07.2022;250000000; FALSE ;7;Quarterly;100;52;FOEI4644429;35922QAA1;U.S. named storm;U.S. named storm and hurricane;US;U.S. named storm and hurricane;1;FALSE
Frontline Re Ltd. (Series 2018-1);Frontline Re Ltd;26.06.2018;06.07.2022;100000000; TRUE ;11,75;Monthly;100;6;FOEI4644430;35922QAB9;U.S. named storm;U.S. named storm and hurricane;US;U.S. named storm and hurricane;1;FALSE
Galilei Re Ltd. (Series 2016-1);GALILEI RE LTD;28.12.2016;08.01.2020;75000000; FALSE ;16,38;Quarterly;100;44;GARL4439021;363543AA7;U.S. named storm, U.S. earthquake, Canada earthquake, European windstorm, Australian tropical cyclone, Australian earthquake;International multi-peril;US & CA & EU & OZ;International multi-peril;3;FALSE
Galilei Re Ltd. (Series 2016-1);GALILEI RE LTD;28.12.2016;08.01.2020;125000000; FALSE ;10,54;Quarterly;100;43;GARL4439022;363543AB5;U.S. named storm, U.S. earthquake, Canada earthquake, European windstorm, Australian tropical cyclone, Australian earthquake;International multi-peril;US & CA & EU & OZ;International multi-peril;3;FALSE
Galilei Re Ltd. (Series 2016-1);GALILEI RE LTD;28.12.2016;08.01.2020;175000000; FALSE ;8,69;Quarterly;100;81;GARL4439023;363543AC3;U.S. named storm, U.S. earthquake, Canada earthquake, European windstorm, Australian tropical cyclone, Australian earthquake;International multi-peril;US & CA & EU & OZ;International multi-peril;3;FALSE
Galilei Re Ltd. (Series 2016-1);GALILEI RE LTD;28.12.2016;08.01.2020;175000000; FALSE ;7,51;Quarterly;100;54;GARL4439024;363543AD1;U.S. named storm, U.S. earthquake, Canada earthquake, European windstorm, Australian tropical cyclone, Australian earthquake;International multi-peril;US & CA & EU & OZ;International multi-peril;3;FALSE
Galilei Re Ltd. (Series 2016-1);GALILEI RE LTD;28.12.2016;08.01.2020;200000000; FALSE ;6,7;Quarterly;100;142;GARL4439025;363543AE9;U.S. named storm, U.S. earthquake, Canada earthquake, European windstorm, Australian tropical cyclone, Australian earthquake;International multi-peril;US & CA & EU & OZ;International multi-peril;3;FALSE
Galilei Re Ltd. (Series 2017-1);GALILEI RE LTD;11.01.2017;08.01.2021;50000000; FALSE ;13,527;Quarterly;100;12;GARL4439028;363543AF6;U.S. named storm, U.S. earthquake, Canada earthquake, European windstorm, Australian tropical cyclone, Australian earthquake;International multi-peril;US & CA & EU & OZ;International multi-peril;3;FALSE
Galilei Re Ltd. (Series 2017-1);GALILEI RE LTD;11.01.2017;08.01.2021;50000000; FALSE ;10,205;Quarterly;100;23;GARL4439029;363543AG4;U.S. named storm, U.S. earthquake, Canada earthquake, European windstorm, Australian tropical cyclone, Australian earthquake;International multi-peril;US & CA & EU & OZ;International multi-peril;3;FALSE
Galilei Re Ltd. (Series 2017-1);GALILEI RE LTD;11.01.2017;08.01.2021;150000000; FALSE ;7,255;Quarterly;100;93;GARL4439030;363543AH2;U.S. named storm, U.S. earthquake, Canada earthquake, European windstorm, Australian tropical cyclone, Australian earthquake;International multi-peril;US & CA & EU & OZ;International multi-peril;3;FALSE
Galilei Re Ltd. (Series 2017-1);GALILEI RE LTD;11.01.2017;08.01.2021;150000000; FALSE ;7,455;Quarterly;100;63;GARL4439031;363543AJ8;U.S. named storm, U.S. earthquake, Canada earthquake, European windstorm, Australian tropical cyclone, Australian earthquake;International multi-peril;US & CA & EU & OZ;International multi-peril;3;FALSE
Galilei Re Ltd. (Series 2017-1);GALILEI RE LTD;11.01.2017;08.01.2021;125000000; FALSE ;6,705;Quarterly;100;40;GARL4439032;363543AK5;U.S. named storm, U.S. earthquake, Canada earthquake, European windstorm, Australian tropical cyclone, Australian earthquake;International multi-peril;US & CA & EU & OZ;International multi-peril;3;FALSE
Galileo Re Ltd. (Series 2017-1);GALILEO RE LTD;03.11.2017;06.11.2020;75000000; FALSE ;8,001;Quarterly;100;50;GARL4560149;36354TAF9;U.S. named storm, U.S. earthquake, Canada earthquake, U.S. severe thunderstorm, European windstorm, Australian tropical cyclone, Australian earthquake;International multi-peril;US & CA & EU & OZ;International multi-peril;4;FALSE
Galileo Re Ltd. (Series 2017-1);GALILEO RE LTD;03.11.2017;06.11.2020;75000000; FALSE ;18,001;Quarterly;100;41;GARL4560150;36354TAG7;U.S. named storm, U.S. earthquake, Canada earthquake, U.S. severe thunderstorm, European windstorm, Australian tropical cyclone, Australian earthquake;International multi-peril;US & CA & EU & OZ;International multi-peril;4;FALSE
Galileo Re Ltd. (Series 2019-1);GALILEO RE LTD;12.12.2019;08.01.2024;75000000; FALSE ;15,75;Quarterly;100;11;GARL4923067;36354TAH5;U.S., Puerto Rico, Virgin Islands named storm, U.S. earthquake, Canada earthquake, U.S. severe thunderstorm, European windstorm, Australian tropical cyclone, Australian earthquake;International multi-peril;US & CA & EU & OZ;International multi-peril;5;FALSE
Galileo Re Ltd. (Series 2019-1);GALILEO RE LTD;12.12.2019;08.01.2024;250000000; FALSE ;9,915;Quarterly;100;15;GARL4923068;36354TAK8;U.S., Puerto Rico, Virgin Islands named storm, U.S. earthquake, Canada earthquake, U.S. severe thunderstorm, European windstorm, Australian tropical cyclone, Australian earthquake;International multi-peril;US & CA & EU & OZ;International multi-peril;5;FALSE
Galileo Re Ltd. (Series 2019-1);GALILEO RE LTD;12.12.2019;08.01.2024;150000000; FALSE ;8,43;Quarterly;100;4;GARL4923069;36354TAL6;U.S., Puerto Rico, Virgin Islands named storm, U.S. earthquake, Canada earthquake, U.S. severe thunderstorm, European windstorm, Australian tropical cyclone, Australian earthquake;International multi-peril;US & CA & EU & OZ;International multi-peril;5;FALSE
Galileo Re Ltd. (Series 2016-1);GALILEO RE LTD;27.01.2016;08.01.2019;100000000; FALSE ;10,714;Quarterly;100;18;GARL4328492;36354TAD4;U.S. named storms, U.S. earthquake, Canada earthquake, European windstorm;International multi-peril;US & CA & EU;International multi-peril;2;FALSE
Galileo Re Ltd. (Series 2016-1);GALILEO RE LTD;18.01.2016;08.01.2019;100000000; FALSE ;8,644;Quarterly;100;25;GARL4328493;36354TAE2;U.S. named storms, U.S. earthquake, Canada earthquake, European windstorm;International multi-peril;US & CA & EU;International multi-peril;2;FALSE
Galileo Re Ltd. (Series 2016-1);GALILEO RE LTD;18.01.2016;08.01.2019;100000000; FALSE ;15,284;Quarterly;100;42;GARL4328763;36354TAC6;U.S. named storms, U.S. earthquake, Canada earthquake, European windstorm;International multi-peril;US & CA & EU;International multi-peril;2;FALSE
Golden State Re II Ltd. (Series 2014-1);GOLDEN ST RE II LTD;16.09.2014;08.01.2019;250000000; FALSE ;3,783;Quarterly;100;156;GTEO4163332;38123FAA6;Workers compensation claims resulting from California earthquakes;U.S. earthquake;US;U.S. earthquake;1;FALSE
Golden State Re II Ltd. (Series 2018-1);GOLDEN ST RE II LTD;03.12.2018;08.01.2023;210000000; FALSE ;2,477;Quarterly;100;81;GTEO4775994;38123FAB4;Workers compensation claims resulting from California earthquakes;U.S. earthquake;US;U.S. earthquake;1;FALSE
Herbie Re Ltd. (Series 2020-1);HERBIE RE LTD;15.06.2020;08.07.2024;125000000; FALSE ;9;Quarterly;100;0;HRBEF4997208;42703VAA1;U.S. named storm, U.S. earthquake;U.S. multi-peril;US;U.S. multi-peril;2;FALSE
Hypatia Ltd. (Series 2020-1);HYPATIA LTD.;17.07.2020;07.06.2023;150000000; FALSE ;6,75;Quarterly;100;0;HYPT5014510;44914CAA4;U.S. named storm, U.S. & Canada earthquake;International multi-peril;US & CA;International multi-peril;2;FALSE
Hypatia Ltd. (Series 2020-1);HYPATIA LTD.;17.07.2020;07.06.2023;150000000; FALSE ;9,75;Quarterly;100;0;HYPT5014511;44914CAB2;U.S. named storm, U.S. & Canada earthquake;International multi-peril;US & CA;International multi-peril;2;FALSE
Integrity Re II Pte. Ltd. (Series 2020-1);INTEGRITY RE II PTE LTD;24.03.2020;12.04.2023;150000000; FALSE ;7,25;Monthly;100;5;ITEY4968431;45833EAA5;Florida named storms;U.S. named storm and hurricane;US;U.S. named storm and hurricane;1;FALSE
Integrity Re Ltd. (Series 2018-1);INTEGRITY RE LTD.;23.04.2018;10.06.2022;75000000; FALSE ;3,75;Monthly;100;35;ITEY4622970;45869RAA3;Florida named storms & severe thunderstorms;Florida multi-peril;US;U.S. multi-peril;2;FALSE
Integrity Re Ltd. (Series 2018-1);INTEGRITY RE LTD.;23.04.2018;10.06.2022;4000000; FALSE ;9,5;Monthly;100;0;ITEY4622971;45869RAB1;Florida named storms & severe thunderstorms;Florida multi-peril;US;U.S. multi-peril;2;FALSE
Integrity Re Ltd. (Series 2019-1);INTEGRITY RE LTD. SERIES 2017-1;29.05.2019;12.06.2023;50000000; FALSE ;4,956;Monthly;100;4;ITEY4839138;45833UAE1;Florida named storms & severe thunderstorms;Florida multi-peril;US;U.S. multi-peril;2;FALSE
Integrity Re Ltd. (Series 2017-1);INTEGRITY RE LTD. SERIES 2017-1;02.05.2017;10.06.2020;72000000; FALSE ;3,25;Monthly;100;55;ITEY4487253;45833UAA9;Florida named storms & severe thunderstorms;Florida multi-peril;US;U.S. multi-peril;2;FALSE
Integrity Re Ltd. (Series 2017-1);INTEGRITY RE LTD. SERIES 2017-1;02.05.2017;10.06.2024;3000000; FALSE ;14,5;Monthly;100;2;ITEY4487254;45833UAB7;Florida named storms & severe thunderstorms;Florida multi-peril;US;U.S. multi-peril;2;FALSE
Integrity Re Ltd. (Series 2017-1);INTEGRITY RE LTD. SERIES 2017-1;02.05.2017;10.06.2024;100000000; FALSE ;4;Monthly;100;30;ITEY4487255;45833UAC5;Florida named storms & severe thunderstorms;Florida multi-peril;US;U.S. multi-peril;2;FALSE
Integrity Re Ltd. (Series 2017-1);INTEGRITY RE LTD. SERIES 2017-1;02.05.2017;10.06.2020;35000000; FALSE ;4,25;Monthly;100;16;ITEY4487256;45833UAD3;Florida named storms & severe thunderstorms;Florida multi-peril;US;U.S. multi-peril;2;FALSE
Kendall Re Ltd. (Series 2018-1);KENDALL RE LTD.;25.04.2018;06.05.2024;225000000; FALSE ;5,751;Quarterly;100;118;KEDL4624085;48878QAA8;U.S. named storm, U.S. & Canada earthquake, U.S. severe thunderstorm, U.S. wildfire, U.S. winter storm, European windstorm;International multi-peril;US & EU;International multi-peril;6;TRUE
Kilimanjaro II Re Ltd. (Series 2017-2);KILIMANJARO II RE LTD;13.04.2017;20.04.2021;225000000; FALSE ;11,401;Quarterly;100;105;KIMJF4483016;49407QAA6;U.S., Canada, Puerto Rico, D.C. named storm and earthquake;International multi-peril;US & CA;International multi-peril;2;FALSE
Kilimanjaro II Re Ltd. (Series 2017-2);KILIMANJARO II RE LTD;13.04.2017;20.04.2021;400000000; FALSE ;8,701;Quarterly;100;164;KIMJF4483017;49407QAB4;U.S., Canada, Puerto Rico, D.C. named storm and earthquake;International multi-peril;US & CA;International multi-peril;2;FALSE
Kilimanjaro II Re Ltd. (Series 2017-2);KILIMANJARO II RE LTD;13.04.2017;20.04.2021;325000000; FALSE ;7,091;Quarterly;100;202;KIMJF4483018;49407QAC2;U.S., Canada, Puerto Rico, D.C. named storm and earthquake;International multi-peril;US & CA;International multi-peril;2;FALSE
Kilimanjaro II Re Ltd. (Series 2017-2);KILIMANJARO II RE LTD;13.04.2017;21.04.2022;50000000; FALSE ;12,278;Quarterly;100;29;KIMJF4483019;49407QAD0;U.S., Canada, Puerto Rico, D.C. named storm and earthquake;International multi-peril;US & CA;International multi-peril;2;FALSE
Kilimanjaro II Re Ltd. (Series 2017-2);KILIMANJARO II RE LTD;13.04.2017;21.04.2022;75000000; FALSE ;9,607;Quarterly;100;46;KIMJF4483020;49407QAE8;U.S., Canada, Puerto Rico, D.C. named storm and earthquake;International multi-peril;US & CA;International multi-peril;2;FALSE
Kilimanjaro II Re Ltd. (Series 2017-2);KILIMANJARO II RE LTD;13.04.2017;21.04.2022;175000000; FALSE ;7,111;Quarterly;100;80;KIMJF4483021;49407QAF5;U.S., Canada, Puerto Rico, D.C. named storm and earthquake;International multi-peril;US & CA;International multi-peril;2;FALSE
Kilimanjaro III Re Ltd. (Series 2019-1);KILIMANJARO III RE LTD;09.12.2019;19.12.2023;275000000; FALSE ;9,66;Quarterly;100;25;KIMJF4922322;49407PAB6;U.S., Puerto Rico, U.S. Virgin Islands, D.C., Canada named storm and earthquake;International multi-peril;US & CA;International multi-peril;2;FALSE
Kilimanjaro III Re Ltd. (Series 2019-1);KILIMANJARO III RE LTD;09.12.2019;19.12.2023;150000000; FALSE ;15,91;Quarterly;100;12;KIMJF4922323;49407PAA8;U.S., Puerto Rico, U.S. Virgin Islands, D.C., Canada named storm and earthquake;International multi-peril;US & CA;International multi-peril;2;FALSE
Kilimanjaro III Re Ltd. (Series 2019-1);KILIMANJARO III RE LTD;09.12.2019;19.12.2024;275000000; FALSE ;10,459;Quarterly;100;15;KIMJF4922325;49407PAD2;U.S., Puerto Rico, U.S. Virgin Islands, D.C., Canada named storm and earthquake;International multi-peril;US & CA;International multi-peril;2;FALSE
Kilimanjaro Re Ltd. (Series 2018-2);KILIMANJARO RE LTD;30.04.2018;06.05.2022;62500000; FALSE ;14,758;Quarterly;100;22;KIMJF4623315;494074AH0;U.S., Puerto Rico, U.S. Virgin Islands, D.C., Canada named storm and earthquake;International multi-peril;US & CA;International multi-peril;2;FALSE
Kilimanjaro Re Ltd. (Series 2018-2);KILIMANJARO RE LTD;30.04.2018;06.05.2022;200000000; FALSE ;4,954;Quarterly;100;85;KIMJF4623316;494074AJ6;U.S., Puerto Rico, U.S. Virgin Islands, D.C., Canada named storm and earthquake;International multi-peril;US & CA;International multi-peril;2;FALSE
Kilimanjaro Re Ltd. (Series 2018-2);KILIMANJARO RE LTD;30.04.2018;05.05.2023;62500000; FALSE ;12,804;Quarterly;100;18;KIMJF4623317;494074AK3;U.S., Puerto Rico, U.S. Virgin Islands, D.C., Canada named storm and earthquake;International multi-peril;US & CA;International multi-peril;2;FALSE
Kilimanjaro Re Ltd. (Series 2018-2);KILIMANJARO RE LTD;30.04.2018;05.05.2026;200000000; FALSE ;6,135;Quarterly;100;69;KIMJF4623318;494074AL1;U.S., Puerto Rico, U.S. Virgin Islands, D.C., Canada named storm and earthquake;International multi-peril;US & CA;International multi-peril;2;FALSE
Kilimanjaro Re Ltd. (Series 2014-2);KILIMANJARO RE LTD;18.11.2014;25.11.2019;500000000; FALSE ;6,008;Quarterly;100;252;KIMJF4183013;494074AE7;U.S and Canada earthquake;International multi-peril;US & CA;International multi-peril;1;FALSE
Kilimanjaro Re Ltd. (Series 2015-1);KILIMANJARO RE LTD;01.12.2015;06.12.2019;300000000; FALSE ;11,508;Quarterly;100;152;KIMJF4310488;494074AF4;U.S., Canada, Puerto Rico, D.C. names storm and earthquake;International multi-peril;US & CA;International multi-peril;2;FALSE
Kilimanjaro Re Ltd. (Series 2015-1);KILIMANJARO RE LTD;01.12.2015;06.12.2019;325000000; FALSE ;9,008;Quarterly;100;185;KIMJF4310493;494074AG2;U.S., Canada, Puerto Rico, D.C. names storm and earthquake;International multi-peril;US & CA;International multi-peril;2;FALSE
Kizuna Re II Ltd. (Series 2018-1);KIZUNA RE II LTD;02.04.2018;07.04.2023;150000000; FALSE ;2,367;Quarterly;100;43;KZNA4611440;49835KAC7;Japan earthquake;Japan earthquake;JP;Japan earthquake;1;FALSE
Kizuna Re II Ltd. (Series 2018-1);KIZUNA RE II LTD;02.04.2018;11.04.2023;50000000; FALSE ;2,992;Quarterly;100;37;KZNA4611441;49835KAD5;Japan earthquake;Japan earthquake;JP;Japan earthquake;1;FALSE
Kortis Capital Ltd.;KORTIS CAP LTD;22.12.2010;15.01.2017;50000000; FALSE ;5,02;Quarterly;100;0;KORT.AA;500646AA2;Longevity risk;Healthcare;Multi;Healthcare;1;FALSE
Long Point Re III Ltd. (Series 2018-1);LONG PT RE III LTD;15.05.2018;01.06.2022;500000000; FALSE ;3,675;Quarterly;100;216;TRV4634520;542799AD3;U.S. tropical cyclone, earthquake, severe thunderstorm, winter storm (Northeastern U.S. states only);U.S. multi-peril;US;U.S. multi-peril;4;FALSE
Manatee Re III Pte. Ltd. (Series 2019-1);MANATEE RE III PTE. LTD.;30.05.2019;07.06.2022;20000000; FALSE ;5,25;Quarterly;100;3;MTRL4839071;562011AA4;U.S. named storm, U.S. severe thunderstorm (Florida, Louisiana, New Jersey & Texas initially);U.S. named storm and hurricane;US;U.S. multi-peril;2;FALSE
Manatee Re III Pte. Ltd. (Series 2019-1);MANATEE RE III PTE. LTD.;30.05.2019;07.06.2022;20000000; FALSE ;9,5;Quarterly;100;4;MTRL4839072;562011AB2;U.S. named storm, U.S. severe thunderstorm (Florida, Louisiana, New Jersey & Texas initially);U.S. named storm and hurricane;US;U.S. multi-peril;2;FALSE
Manatee Re II Ltd. (Series 2018-1);Manatee Re Ltd.;03.04.2018;07.06.2021;160000000; FALSE ;4,762;Quarterly;100;143;MTRL4613039;562012AA2;U.S. named storm, U.S. severe thunderstorm (Florida, Louisiana & Texas initially);U.S. named storm and hurricane;US;U.S. multi-peril;2;FALSE
Manatee Re II Ltd. (Series 2018-1);Manatee Re Ltd.;03.04.2018;07.06.2021;40000000; FALSE ;8,654;Quarterly;100;26;MTRL4613040;562012AB0;U.S. named storm, U.S. severe thunderstorm (Florida, Louisiana & Texas initially);U.S. named storm and hurricane;US;U.S. multi-peril;2;FALSE
Mariah Re Ltd. (Series 2010-1);MARIAH RE LTD;15.11.2010;08.01.2014;100000000; FALSE ;6,325;Quarterly;100;0;MRRD.GA;566631AA5;U.S. severe thunderstorm;U.S. named storm and hurricane;US;U.S. named storms and hurricanes;1;FALSE
Matterhorn Re Ltd. (Series 2019-1);MATTERHORN RE LTD;19.06.2019;07.12.2020;250000000; FALSE ;0,455;Quarterly;100;39;MHOR4846885;577092AA7;Northeast U.S. named storm;U.S. named storm and hurricane;US;U.S. named storm and hurricane;1;FALSE
Matterhorn Re Ltd. (Series 2020-1);MATTERHORN RE LTD;09.01.2020;07.12.2021;175000000; FALSE ;7,981;Quarterly;100;42;MHOR4928806;577092AC3;U.S. named storm;U.S. named storm and hurricane;US;U.S. named storm and hurricane;1;FALSE
Matterhorn Re Ltd. (Series 2020-2);MATTERHORN RE LTD;03.02.2020;08.01.2024;80000000; FALSE ;5,16;Quarterly;100;0;MHOR4943957;577092AD1;U.S. named storm, extreme mortality in Australia, Canada, UK;International multi-peril;US & CA & EU & OZ;International multi-peril;2;FALSE
Matterhorn Re Ltd. (Series 2020-2);MATTERHORN RE LTD;03.02.2020;07.12.2021;175000000; FALSE ;6,701;Quarterly;100;15;MHOR4943958;577092AE9;U.S. named storm, extreme mortality in Australia, Canada, UK;International multi-peril;US & CA & EU & OZ;International multi-peril;2;FALSE
Matterhorn Re Ltd. (Series 2020-3);MATTERHORN RE LTD;11.05.2020;07.12.2021;110000000; FALSE ;7;Quarterly;100;2;MHOR4982986;577092AF6;U.S. named storm;U.S. named storm and hurricane;US;U.S. named storm and hurricane;1;FALSE
Matterhorn Re Ltd. (Series 2020-4);MATTERHORN RE LTD;01.07.2020;07.12.2021;65000000; FALSE ;10;Quarterly;100;0;MHOR5006976;577092AJ8;U.S. named storm;U.S. named storm and hurricane;US;U.S. named storm and hurricane;1;FALSE
Matterhorn Re Ltd. (Series 2020-4);MATTERHORN RE LTD;01.07.2020;07.12.2021;175000000; FALSE ;0;Zero;86,25;0;MHOR5006977;577092AK5;U.S. named storm;U.S. named storm and hurricane;US;U.S. named storm and hurricane;1;FALSE
Merna Re II Ltd. (Series 2019-1);Merna Re II Ltd.;29.03.2019;07.04.2022;300000000; FALSE ;2,492;Quarterly;100;35;MRNE4812032;59013MAA0;U.S. earthquake;U.S. earthquake;US;U.S. earthquake;1;FALSE
Merna Re II Ltd. (Series 2020-1);Merna Re II Ltd.;29.05.2020;07.04.2023;250000000; FALSE ;2,8;Quarterly;100;2;MRNE4992591;59013MAB8;U.S. earthquake;U.S. earthquake;US;U.S. earthquake;1;FALSE
Merna Re Ltd. (Series 2016-1);MERNA RE LTD;31.03.2016;08.04.2019;300000000; FALSE ;4,965;Quarterly;100;58;MRNE4348557;59012UAB1;U.S. earthquake (New Madrid region);U.S. earthquake;US;U.S. earthquake;1;FALSE
Merna Re Ltd. (Series 2017-1);MERNA RE LTD;31.03.2017;08.04.2020;300000000; FALSE ;3,651;Quarterly;100;99;MRNE4475934;59012UAC9;U.S. earthquake;U.S. earthquake;US;U.S. earthquake;1;FALSE
Merna Re Ltd. (Series 2018-1);MERNA RE LTD;29.03.2018;08.04.2021;300000000; FALSE ;2,492;Quarterly;100;86;MRNE4615215;59012UAD7;U.S. earthquake;U.S. earthquake;US;U.S. earthquake;1;FALSE
MetroCat Re Ltd. (Series 2013-1);Metrocat Re Ltd;30.07.2013;07.08.2017;200000000; FALSE ;4,5;Quarterly;100;60;MRLT4033719;59165HAA7;Storm surge (named storm induced);U.S. multi-peril;US;New York multi-peril;1;FALSE
MetroCat Re Ltd. (Series 2017-1);METROCAT RE LTD;22.05.2017;08.05.2020;125000000; FALSE ;5,33;Quarterly;100;98;MRLT4496928;59165HAB5;New York storm surge (named storm induced) and earthquake;U.S. multi-peril;US;U.S. multi-peril;2;FALSE
MetroCat Re Ltd. (Series 2020-1);METROCAT RE LTD;12.05.2020;08.05.2023;100000000; FALSE ;5,5;Quarterly;100;4;MRLT4979760;59165HAC3;New York storm surge (named storm induced) and earthquake;U.S. multi-peril;US;U.S. multi-peril;2;FALSE
Mona Lisa Re Ltd. (Series 2020-1);MONA LISA RE LTD;09.01.2020;09.01.2023;250000000; FALSE ;7,961;Quarterly;100;50;RNR4931831;608800AC2;U.S., Puerto Rico, U.S. Virgin Islands, D.C. named storm and earthquakes, Canada earthquakes;International multi-peril;US & CA;International multi-peril;2;FALSE
Mona Lisa Re Ltd. (Series 2020-1);MONA LISA RE LTD;09.01.2020;09.01.2023;150000000; FALSE ;8,461;Quarterly;100;26;RNR4931832;608800AD0;U.S., Puerto Rico, U.S. Virgin Islands, D.C. named storm and earthquakes, Canada earthquakes;International multi-peril;US & CA;International multi-peril;2;FALSE
Nakama Re Ltd. (Series 2014-2);NAKAMA RE LTD;19.12.2014;16.01.2020;200000000; FALSE ;4,926;Quarterly;100;124;NAKA4194428;62983QAE3;Japan earthquake;Japan earthquake;JP;Japan earthquake;1;FALSE
Nakama Re Ltd. (Series 2015-1);NAKAMA RE LTD;29.12.2015;14.01.2021;100000000; FALSE ;3,367;Quarterly;100;26;NAKA4320976;62983QAF0;Japan earthquake;Japan earthquake;JP;Japan earthquake;1;FALSE
Nakama Re Ltd. (Series 2015-1);NAKAMA RE LTD;29.12.2015;14.01.2021;200000000; FALSE ;3,742;Quarterly;100;93;NAKA4320979;62983QAG8;Japan earthquake;Japan earthquake;JP;Japan earthquake;1;FALSE
Nakama Re Ltd. (Series 2016-1);NAKAMA RE LTD;30.09.2016;13.10.2021;550000000; FALSE ;2,892;Quarterly;100;161;NAKA4406501;62983QAH6;Japan earthquake;Japan earthquake;JP;Japan earthquake;1;FALSE
Nakama Re Ltd. (Series 2016-1);NAKAMA RE LTD;29.09.2016;13.10.2021;150000000; FALSE ;3,942;Quarterly;100;92;NAKA4406506;62983QAJ2;Japan earthquake;Japan earthquake;JP;Japan earthquake;1;FALSE
Nakama Re Ltd. (Series 2018-1);NAKAMA RE LTD;01.03.2018;13.04.2023;200000000; FALSE ;3,302;Quarterly;100;57;NAKA4602039;62983QAL7;Japan earthquake;Japan earthquake;JP;Japan earthquake;1;FALSE
Nakama Re Ltd. (Series 2018-1);NAKAMA RE LTD;01.03.2018;13.04.2023;500000000; FALSE ;2,296;Quarterly;100;105;NAKA4602040;62983QAK9;Japan earthquake;Japan earthquake;JP;Japan earthquake;1;FALSE
Nakama Re Ltd. (Series 2020-1);NAKAMA RE LTD;04.02.2020;14.01.2025;200000000; FALSE ;2,2;Quarterly;100;8;NAKA4944475;62983QAM5;Japan earthquake;Japan earthquake;JP;Japan earthquake;1;FALSE
Northshore Re II Ltd. (Series 2017-1);NORTHSHORE RE II LTD;29.06.2017;06.07.2020;350000000; FALSE ;8,909;Quarterly;100;225;NRSH4512007;666842AA7;U.S. named storms, U.S. earthquake, Canada earthquake;International multi-peril;US & CA;International multi-peril;2;FALSE
Northshore Re II Ltd. (Series 2018-1);NORTHSHORE RE II LTD;06.07.2018;08.07.2022;200000000; FALSE ;7,856;Quarterly;100;113;NRSH4652835;666842AB5;U.S. & Puerto Rico named storms, U.S. & Canada earthquake, European windstorm;International multi-peril;US & CA & EU;International multi-peril;3;FALSE
Northshore Re II Ltd. (Series 2019-1);NORTHSHORE RE II LTD;26.06.2019;07.07.2023;165000000; FALSE ;7,945;Quarterly;100;32;NRSH4849702;666842AC3;U.S. named storms (inc. Puerto Rico & Virgin Islands), U.S. & Canada earthquake, European windstorm;International multi-peril;US & CA & EU;International multi-peril;3;FALSE
Pelican IV Re Ltd. (Series 2017-1);Pelican Re Ltd.;18.04.2017;05.05.2020;100000000; FALSE ;3,685;Monthly;100;79;PELN4483797;705809AA9;Louisiana named storm;Louisiana multi-peril;US;U.S. named storm and hurricane;1;FALSE
Pelican IV Re Ltd. (Series 2018-1);Pelican Re Ltd.;04.05.2018;07.05.2024;100000000; FALSE ;2,113;Monthly;100;58;PELN4625150;705809AB7;Louisiana named storm & severe thunderstorm;Louisiana multi-peril;US;U.S. multi-peril;2;FALSE
PennUnion Re Ltd. (Series 2015-1);PENNUNION RE LTD;29.09.2015;07.12.2018;200000000; FALSE ;6,211;Quarterly;100;72;PENNU4295597;70932JAA2;U.S. storm surge & wind from named storm, U.S. earthquake;U.S. multi-peril;US;U.S. multi-peril;3;FALSE
Queen Street XII Re dac (2016);QUEEN STR XII RE DAC;20.05.2016;08.04.2020;190000000; FALSE ;6,202;Quarterly;100;83;QSTT4363867;74825RAA6;U.S. hurricane, European windstorm;International multi-peril;US & EU;International multi-peril;2;FALSE
Residential Reinsurance 2012 Ltd. (Series 2012-2);RESIDENTIAL REINS 2012 LTD;30.11.2012;06.12.2018;155000000; FALSE ;6,603;Quarterly;100;54;USAA3936257;76115AAA7;U.S. hurricane, U.S. earthquake, U.S. severe thunderstorm, U.S. winter storm and California wildfire;U.S. multi-peril;US;U.S. multi-peril;5;TRUE
Residential Reinsurance 2012 Ltd. (Series 2012-2);RESIDENTIAL REINS 2012 LTD;30.11.2012;06.12.2018;70000000; FALSE ;7,853;Quarterly;100;13;USAA3936258;76115AAB5;U.S. hurricane, U.S. earthquake, U.S. severe thunderstorm, U.S. winter storm and California wildfire;U.S. multi-peril;US;U.S. multi-peril;5;TRUE
Residential Reinsurance 2014 Ltd. (Series 2014-2);RESIDENTIAL REINS 2014 LTD;03.12.2014;06.12.2020;100000000; FALSE ;6,671;Quarterly;100;66;RSRE4187050;76117QAC6;U.S. tropical storms, earthquakes, severe thunderstorms, winter storms, wildfire, meteorite impact, volcanic eruption;U.S. multi-peril;US;U.S. multi-peril;7;TRUE
Residential Reinsurance 2015 Ltd. (Series 2015-1);RESIDENTIAL REINS 2015 LTD;01.06.2015;06.03.2020;100000000; TRUE ;2,269;Quarterly;100;18;RSRE4249972;76118DAB6;U.S. tropical cyclones, earthquakes, severe thunderstorm, winter storm, wildfire, volcanic eruption, meteorite impact;U.S. multi-peril;US;U.S. multi-peril;7;TRUE
Residential Reinsurance 2015 Ltd. (Series 2015-1);RESIDENTIAL REINS 2015 LTD;01.06.2015;06.06.2020;50000000; TRUE ;1,039;Quarterly;100;27;RSRE4249976;76118DAA8;U.S. tropical cyclones, earthquakes, severe thunderstorm, winter storm, wildfire, volcanic eruption, meteorite impact;U.S. multi-peril;US;U.S. multi-peril;7;TRUE
Residential Reinsurance 2015 Ltd. (Series 2015-2);RESIDENTIAL REINS 2015 LTD;03.12.2015;06.12.2019;125000000; FALSE ;9,074;Quarterly;100;27;RSRE4313632;76118DAC4;U.S. tropical cyclones, earthquakes (plus fire following), severe thunderstorm, winter storm, wildfire, volcanic eruption, meteorite impact;U.S. multi-peril;US;U.S. multi-peril;7;TRUE
Residential Reinsurance 2017 Limited (Series 2017-1);RESIDENTIAL REINS 2017 LTD;03.05.2017;06.06.2021;225000000; FALSE ;5,287;Quarterly;100;30;USAA4486405;76118XAB2;U.S. tropical cyclones (plus renter policy flood), earthquakes (plus fire following), severe thunderstorm, winter storm, wildfire, volcanic eruption, meteorite impact, other perils;U.S. multi-peril;US;U.S. multi-peril;7;TRUE
Residential Reinsurance 2017 Limited (Series 2017-1);RESIDENTIAL REINS 2017 LTD;03.05.2017;06.06.2021;150000000; FALSE ;3,702;Quarterly;100;42;USAA4486406;76118XAC0;U.S. tropical cyclones (plus renter policy flood), earthquakes (plus fire following), severe thunderstorm, winter storm, wildfire, volcanic eruption, meteorite impact, other perils;U.S. multi-peril;US;U.S. multi-peril;7;TRUE
Residential Reinsurance 2017 Limited (Series 2017-2);RESIDENTIAL REINS 2017 LTD;17.11.2017;06.12.2018;55000000; FALSE ;0;Zero;79;8;USAA4561907;76118XAD8;U.S. tropical cyclones (plus renter policy flood), earthquakes (plus fire following and renter policy flood), severe thunderstorm, winter storm, wildfire, volcanic eruption, meteorite impact, other perils;U.S. multi-peril;US;U.S. multi-peril;7;TRUE
Residential Reinsurance 2017 Limited (Series 2017-2);RESIDENTIAL REINS 2017 LTD;17.11.2017;06.12.2021;130000000; FALSE ;5,5;Quarterly;100;53;USAA4561909;76118XAF3;U.S. tropical cyclones (plus renter policy flood), earthquakes (plus fire following and renter policy flood), severe thunderstorm, winter storm, wildfire, volcanic eruption, meteorite impact, other perils;U.S. multi-peril;US;U.S. multi-peril;7;TRUE
Residential Reinsurance 2019 Limited (Series 2019-1);RESIDENTIAL REINS 2019 LTD;22.05.2019;06.06.2023;60000000; FALSE ;8,948;Quarterly;100;8;USAA4832090;76120FAA9;U.S. tropical cyclones, earthquakes (plus fire following), severe thunderstorm, winter storm, wildfire, volcanic eruption, meteorite impact, other perils (all including auto & renter policy flood losses);U.S. multi-peril;US;U.S. multi-peril;7;TRUE
Residential Reinsurance 2019 Limited (Series 2019-1);RESIDENTIAL REINS 2019 LTD;22.05.2019;06.06.2023;75000000; FALSE ;5,095;Quarterly;100;11;USAA4832092;76120FAB7;U.S. tropical cyclones, earthquakes (plus fire following), severe thunderstorm, winter storm, wildfire, volcanic eruption, meteorite impact, other perils (all including auto & renter policy flood losses);U.S. multi-peril;US;U.S. multi-peril;7;TRUE
Residential Reinsurance 2019 Limited (Series 2019-2);RESIDENTIAL REINS 2019 LTD;19.11.2019;06.12.2023;110000000; FALSE ;11,5;Quarterly;100;9;USAA4908700;76120FAD3;U.S. tropical cyclones, earthquakes (plus fire following), severe thunderstorm, winter storm, wildfire, volcanic eruption, meteorite impact, other perils (all including auto & renter policy flood losses);U.S. multi-peril;US;U.S. multi-peril;7;TRUE
Residential Reinsurance 2019 Limited (Series 2019-2);RESIDENTIAL REINS 2019 LTD;19.11.2019;07.12.2020;50000000; FALSE ;0;Zero;77,25;6;USAA4908701;76120FAC5;U.S. tropical cyclones, earthquakes (plus fire following), severe thunderstorm, winter storm, wildfire, volcanic eruption, meteorite impact, other perils (all including auto & renter policy flood losses);U.S. multi-peril;US;U.S. multi-peril;7;TRUE
Residential Reinsurance 2016 Ltd. (Series 2016-1);RESIDENTIAL REINSURANCE 2016 LTD;27.04.2016;06.06.2020;110000000; FALSE ;3,25;Quarterly;100;45;RESI4358417;76118GAC7;U.S. tropical cyclones (plus renter policy flood), earthquakes (plus fire following), severe thunderstorm, winter storm, wildfire, volcanic eruption, meteorite impact, other perils;U.S. multi-peril;US;U.S. multi-peril;7;TRUE
Residential Reinsurance 2016 Ltd. (Series 2016-1);RESIDENTIAL REINSURANCE 2016 LTD;27.04.2016;06.06.2020;75000000; TRUE ;4,75;Quarterly;100;4;RESI4359593;76118GAB9;U.S. tropical cyclones (plus renter policy flood), earthquakes (plus fire following), severe thunderstorm, winter storm, wildfire, volcanic eruption, meteorite impact, other perils;U.S. multi-peril;US;U.S. multi-peril;7;TRUE
Residential Reinsurance 2016 Ltd. (Series 2016-1);RESIDENTIAL REINSURANCE 2016 LTD;27.04.2016;06.09.2020;50000000; TRUE ;11,5;Quarterly;100;12;RESI4359594;76118GAA1;U.S. tropical cyclones (plus renter policy flood), earthquakes (plus fire following), severe thunderstorm, winter storm, wildfire, volcanic eruption, meteorite impact, other perils;U.S. multi-peril;US;U.S. multi-peril;7;TRUE
Residential Reinsurance 2016 Limited (Series 2016-2);RESIDENTIAL REINSURANCE 2016 LTD;18.11.2016;06.12.2023;170000000; FALSE ;3,5;Quarterly;100;40;RESI4423157;76118GAF0;U.S. tropical cyclones (plus renter policy flood), earthquakes (plus fire following), severe thunderstorm, winter storm, wildfire, volcanic eruption, meteorite impact, other perils;U.S. multi-peril;US;U.S. multi-peril;7;TRUE
Residential Reinsurance 2016 Limited (Series 2016-2);RESIDENTIAL REINSURANCE 2016 LTD;18.11.2016;06.12.2023;150000000; FALSE ;5,25;Quarterly;100;47;RESI4423158;76118GAE3;U.S. tropical cyclones (plus renter policy flood), earthquakes (plus fire following), severe thunderstorm, winter storm, wildfire, volcanic eruption, meteorite impact, other perils;U.S. multi-peril;US;U.S. multi-peril;7;TRUE
Residential Reinsurance 2016 Limited (Series 2016-2);RESIDENTIAL REINSURANCE 2016 LTD;18.11.2016;07.12.2020;80000000; FALSE ;0;Zero;92,25;10;RESI4423160;76118GAD5;U.S. tropical cyclones (plus renter policy flood), earthquakes (plus fire following), severe thunderstorm, winter storm, wildfire, volcanic eruption, meteorite impact, other perils;U.S. multi-peril;US;U.S. multi-peril;7;TRUE
Residential Reinsurance 2018 Limited (Series 2018-1);Residential Reinsurance 2018 Limited;14.05.2018;06.06.2019;100000000; TRUE ;0;Zero;88,25;18;RSRE4628349;76117UAA1;U.S. tropical cyclones (plus renter policy flood), earthquakes (plus fire following and renter policy flood), severe thunderstorm, winter storm, wildfire, volcanic eruption, meteorite impact, other perils (including auto policy flood);U.S. multi-peril;US;U.S. multi-peril;7;TRUE
Residential Reinsurance 2018 Limited (Series 2018-1);Residential Reinsurance 2018 Limited;14.05.2018;06.06.2022;200000000; FALSE ;3,25;Quarterly;100;47;RSRE4628350;76117UAB9;U.S. tropical cyclones (plus renter policy flood), earthquakes (plus fire following and renter policy flood), severe thunderstorm, winter storm, wildfire, volcanic eruption, meteorite impact, other perils (including auto policy flood);U.S. multi-peril;US;U.S. multi-peril;7;TRUE
Residential Reinsurance 2018 Limited (Series 2018-2);Residential Reinsurance 2018 Limited;27.11.2018;06.12.2019;50000000; FALSE ;0;Zero;79,75;13;RSRE4768967;76117UAC7;U.S. tropical cyclones, earthquakes (plus fire following), severe thunderstorm, winter storm, wildfire, volcanic eruption, meteorite impact, other perils (all including auto & renter policy flood losses);U.S. multi-peril;US;U.S. multi-peril;7;TRUE
Residential Reinsurance 2018 Limited (Series 2018-2);Residential Reinsurance 2018 Limited;27.11.2018;06.12.2022;150000000; FALSE ;11,5;Quarterly;100;25;RSRE4768968;76117UAD5;U.S. tropical cyclones, earthquakes (plus fire following), severe thunderstorm, winter storm, wildfire, volcanic eruption, meteorite impact, other perils (all including auto & renter policy flood losses);U.S. multi-peril;US;U.S. multi-peril;7;TRUE
Residential Reinsurance 2020 Limited (Series 2020-1);Residential Reinsurance 2020 Limited;29.05.2020;06.06.2024;100000000; FALSE ;5,5;Quarterly;100;0;RSRE4995011;76124AAB4;U.S. tropical cyclones, earthquakes (plus fire following), severe thunderstorm, winter storm, wildfire, volcanic eruption, meteorite impact, other perils (all including auto & renter policy flood losses);U.S. multi-peril;US;U.S. multi-peril;7;TRUE
Riverfront Re Ltd. (Series 2017-1);RIVERFRONT RE LTD;31.05.2017;15.01.2021;142500000; FALSE ;5,386;Quarterly;100;56;RVRT4499803;76870YAB8;U.S. and Canada named storms, earthquakes, severe thunderstorms, winter storms, wildfires, meteorite impact, volcanic eruption;International multi-peril;US & CA;International multi-peril;7;TRUE
Riverfront Re Ltd. (Series 2017-1);RIVERFRONT RE LTD;31.05.2017;15.01.2021;47500000; FALSE ;7,252;Quarterly;100;46;RVRT4499804;76870YAC6;U.S. and Canada named storms, earthquakes, severe thunderstorms, winter storms, wildfires, meteorite impact, volcanic eruption;International multi-peril;US & CA;International multi-peril;7;TRUE
Sanders Re II Ltd. (Series 2019-1);SANDERS RE II LTD ACTING IN RESPECT SEGR;28.03.2019;07.04.2023;300000000; FALSE ;12,25;Quarterly;100;18;SNDL4811124;80000TAB4;U.S. (ex Florida) named storm, earthquake, severe weather, fire, other perils;U.S. multi-peril;US;U.S. multi-peril;4;TRUE
Sanders Re II Ltd. (Series 2020-1);SANDERS RE II LTD ACTING IN RESPECT SEGR;30.03.2020;07.04.2024;100000000; FALSE ;12,75;Quarterly;100;2;SNDL4960199;80000VAB9;U.S. (ex Florida) named storm, earthquake, severe weather, fire, other perils;U.S. multi-peril;US;U.S. multi-peril;4;TRUE
Sanders Re II Ltd. (Series 2020-2);SANDERS RE II LTD ACTING IN RESPECT SEGR;29.05.2020;07.06.2023;200000000; FALSE ;5,5;Quarterly;100;2;SNDL4988339;80000WAA9;Florida named storm, earthquake, severe thunderstorm, volcanic eruption, meteorite impact, wildfire;Florida multi-peril;US;U.S. multi-peril;7;TRUE
Sanders Re Ltd. (Series 2014-2);SANDERS RE LTD;22.05.2014;28.05.2019;305000000; FALSE ;6,24;Quarterly;100;159;SNDL4124600;80000RAE2;Florida named storms, earthquakes, severe thunderstorms;Florida multi-peril;US;U.S. multi-peril;3;FALSE
Sanders Re Ltd. (Series 2017-1);SANDERS RE LTD;30.03.2017;06.12.2021;375000000; FALSE ;3;Quarterly;100;156;SNDL4475104;80000RAG7;U.S. named storms, U.S. earthquake, severe thunderstorm, volcanic eruption, meteorite impact;U.S. multi-peril;US;U.S. multi-peril;5;FALSE
Sanders Re Ltd. (Series 2017-2);SANDERS RE LTD;31.05.2017;05.06.2020;200000000; FALSE ;4,825;Quarterly;100;93;SNDL4501116;80000RAH5;Florida named storm, earthquake, severe thunderstorm, volcanic eruption, meteorite impact, wildfire;Florida multi-peril;US;U.S. multi-peril;7;TRUE
Sanders Re Ltd. (Series 2018-1);SANDERS RE LTD;29.03.2018;07.04.2022;500000000; FALSE ;5,961;Quarterly;100;103;SNDL4613423;80000RAJ1;U.S. (ex Florida & New Jersey) named storm, earthquake, severe weather, fire, other perils;U.S. multi-peril;US;U.S. multi-peril;4;TRUE
SD Re Ltd. (Series 2018-1);SD RE LTD.;12.10.2018;19.10.2021;125000000; FALSE ;4,381;Quarterly;100;896;SERLF4731195;78414BAA9;California wildfire;California wildfire;US;California wildfire;1;TRUE
SD Re Ltd. (Series 2020-1);SD RE LTD.;08.07.2020;14.07.2023;90000000; FALSE ;9,75;Monthly;100;0;SERLF5011522;78414BAB7;California wildfire;California wildfire;US;California wildfire;1;TRUE
Sierra Ltd. (Series 2019-1);SIERRA LTD;09.01.2020;28.12.2022;75000000; FALSE ;6,832;Quarterly;100;12;SRLE4928592;826359AB7;U.S. earthquake;U.S. earthquake;US;U.S. earthquake;1;FALSE
Spectrum Capital Ltd. (Series 2017-1);SPECTRUM CAP LTD;19.06.2017;08.06.2021;160000000; FALSE ;7,264;Quarterly;100;60;SBKA4507332;84763LAA2;U.S. named storms, earthquakes, severe thunderstorms, wildfires, winter storms. Canada earthquakes;International multi-peril;US & CA;International multi-peril;5;TRUE
Spectrum Capital Ltd. (Series 2017-1);SPECTRUM CAP LTD;19.06.2017;08.06.2021;270000000; FALSE ;5,039;Quarterly;100;91;SBKA4507333;84763LAB0;U.S. named storms, earthquakes, severe thunderstorms, wildfires, winter storms. Canada earthquakes;International multi-peril;US & CA;International multi-peril;5;TRUE
Sutter Re Ltd. (Series 2020-1 & 2020-2);SUTTER RE LTD;15.05.2020;23.05.2023;200000000; FALSE ;5;Quarterly;100;20;SUTT4983336;86944RAA6;California earthquake;U.S. earthquake;US;U.S. earthquake;1;FALSE
Sutter Re Ltd. (Series 2020-1 & 2020-2);SUTTER RE LTD;15.05.2020;23.05.2023;135000000; FALSE ;8,5;Quarterly;100;4;SUTT4983337;86944RAB4;California earthquake;U.S. earthquake;US;U.S. earthquake;1;FALSE
Sutter Re Ltd. (Series 2020-1 & 2020-2);SUTTER RE LTD;28.05.2020;06.06.2022;215000000; FALSE ;5;Quarterly;100;0;SUTT4983338;86944RAC2;California earthquake;U.S. earthquake;US;U.S. earthquake;1;FALSE
Sutter Re Ltd. (Series 2020-1 & 2020-2);SUTTER RE LTD;28.05.2020;06.06.2022;150000000; FALSE ;8,5;Quarterly;100;851;SUTT4983339;86944RAD0;California earthquake;U.S. earthquake;US;U.S. earthquake;1;FALSE
Tailwind Re Ltd. (Series 2017-1);Tailwind Re Ltd;27.12.2017;10.01.2022;150000000; FALSE ;7,821;Quarterly;100;61;TAIW4579275;87403TAA4;U.S., Canada, Puerto Rico, U.S. Virgin Islands named storms and earthquakes;International multi-peril;US & CA;International multi-peril;2;FALSE
Tailwind Re Ltd. (Series 2017-1);Tailwind Re Ltd;27.12.2017;08.01.2022;150000000; FALSE ;9,561;Quarterly;100;95;TAIW4579276;87403TAB2;U.S., Canada, Puerto Rico, U.S. Virgin Islands named storms and earthquakes;International multi-peril;US & CA;International multi-peril;2;FALSE
Tailwind Re Ltd. (Series 2017-1);Tailwind Re Ltd;27.12.2017;08.01.2022;100000000; FALSE ;11,521;Quarterly;100;66;TAIW4579277;87403TAC0;U.S., Canada, Puerto Rico, U.S. Virgin Islands named storms and earthquakes;International multi-peril;US & CA;International multi-peril;2;FALSE
Torrey Pines Re Ltd. (Series 2017-1);TORREY PINES RE LTD. SERIES 2017-1;08.05.2017;09.06.2020;45000000; FALSE ;3;Monthly;100;39;TORP4490616;89141WAA0;U.S. named storms, severe thunderstorms and earthquakes;U.S. multi-peril;US;U.S. multi-peril;3;FALSE
Torrey Pines Re Ltd. (Series 2017-1);TORREY PINES RE LTD. SERIES 2017-1;08.05.2017;09.06.2020;66000000; FALSE ;3,75;Monthly;100;62;TORP4490617;89141WAB8;U.S. named storms, severe thunderstorms and earthquakes;U.S. multi-peril;US;U.S. multi-peril;3;FALSE
Torrey Pines Re Ltd. (Series 2017-1);TORREY PINES RE LTD. SERIES 2017-1;08.05.2017;09.06.2020;55000000; FALSE ;6,25;Monthly;100;38;TORP4490618;89141WAC6;U.S. named storms, severe thunderstorms and earthquakes;U.S. multi-peril;US;U.S. multi-peril;3;FALSE
Tramline Re II Ltd. (Series 2014-1);TRAMLINE RE II LTD;22.12.2014;04.01.2019;200000000; FALSE ;9,855;Quarterly;100;150;TRMC4191305;89289YAB6;U.S. named storm, U.S. earthquake, European windstorm;International multi-peril;US & EU;International multi-peril;3;FALSE
Ursa Re Ltd. (Series 2015-1);URSA RE LTD;15.09.2015;21.09.2018;250000000; FALSE ;5;Quarterly;100;140;URSA4288128;90323WAC4;California earthquake;U.S. earthquake;US;U.S. earthquake;1;FALSE
Ursa Re Ltd. (Series 2016-1);URSA RE LTD;01.12.2016;10.12.2019;500000000; FALSE ;6,218;Quarterly;100;191;URSA4428137;90323WAD2;California earthquake;U.S. earthquake;US;U.S. earthquake;1;FALSE
Ursa Re Ltd. (Series 2017-1);URSA RE LTD;16.05.2017;27.05.2020;425000000; FALSE ;4,985;Quarterly;100;127;URSA4495458;90323WAE0;California earthquake;U.S. earthquake;US;U.S. earthquake;1;FALSE
Ursa Re Ltd. (Series 2017-1);URSA RE LTD;16.05.2017;27.05.2020;500000000; FALSE ;7,487;Quarterly;100;163;URSA4495460;90323WAF7;California earthquake;U.S. earthquake;US;U.S. earthquake;1;FALSE
Ursa Re Ltd. (Series 2017-2);URSA RE LTD;01.12.2017;10.12.2020;200000000; FALSE ;4,983;Quarterly;100;65;URSA4568360;90323WAG5;California earthquake;U.S. earthquake;US;U.S. earthquake;1;FALSE
Ursa Re Ltd. (Series 2017-2);URSA RE LTD;01.12.2017;10.12.2020;200000000; FALSE ;6,225;Quarterly;100;89;URSA4568361;90323WAH3;California earthquake;U.S. earthquake;US;U.S. earthquake;1;FALSE
Ursa Re Ltd. (Series 2018-1);URSA RE LTD;14.09.2018;24.09.2021;250000000; FALSE ;5,6;Quarterly;100;56;URSA4686915;90323WAJ9;California earthquake;U.S. earthquake;US;U.S. earthquake;1;FALSE
Ursa Re Ltd. (Series 2019-1);URSA RE LTD;26.11.2019;10.12.2022;400000000; FALSE ;5,75;Quarterly;100;18;URSA4915349;90323WAK6;California earthquake;U.S. earthquake;US;U.S. earthquake;1;FALSE
Vita Capital IV Ltd. (Series V and VI);VITA CAP IV LTD;04.08.2011;15.01.2016;80000000; FALSE ;3,871;Quarterly;100;2;VTPD3616764;928456AF9;Extreme mortality;Extreme mortality;Multi;Extreme Mortality;1;FALSE
Vita Capital IV Ltd. (Series V and VI);VITA CAP IV LTD;04.08.2011;15.01.2016;100000000; FALSE ;2,921;Quarterly;100;2;VTPD3616765;928456AE2;Extreme mortality;Extreme mortality;Multi;Extreme Mortality;1;FALSE
Vita Capital IV Ltd.;VITA CAP IV LTD;26.10.2010;15.01.2015;100000000; FALSE ;4,152;Quarterly;100;0;VTPD3686082;928456AC6;Extreme mortality;Extreme mortality;Multi;Extreme Mortality;1;FALSE
Vita Capital IV Ltd.;VITA CAP IV LTD;26.10.2010;15.01.2015;75000000; FALSE ;4,102;Quarterly;100;0;VTPD3686171;928456AD4;Extreme mortality;Extreme mortality;Multi;Extreme Mortality;1;FALSE
Vita Capital V Ltd.;VITA CAP V LTD;30.07.2012;15.01.2017;125000000; FALSE ;2,7;Quarterly;100;30;VTPD3881477;928454AA5;Extreme mortality;Extreme mortality;Multi;Extreme Mortality;1;FALSE
Vita Capital V Ltd.;VITA CAP V LTD;30.07.2012;15.01.2017;150000000; FALSE ;3,4;Quarterly;100;45;VTPD3881478;928454AB3;Extreme mortality;Extreme mortality;Multi;Extreme Mortality;1;FALSE
Vita Capital VI Limited (Series 2015-1);VITA CAPITAL VI LTD;22.12.2015;08.01.2021;100000000; FALSE ;4,613;Quarterly;100;880;VTPD4321483;92846DAA4;Extreme mortality;Extreme mortality;Multi;Extreme Mortality;1;FALSE
Vitality Re IX Ltd. (Series 2018-1);VITALITY RE IX LTD;29.01.2018;10.01.2022;60000000; FALSE ;2,176;Quarterly;100;33;VTLE4589825;92849LAB1;Medical benefit claims levels;Healthcare;Multi;Healthcare;1;FALSE
Vitality Re IX Ltd. (Series 2018-1);VITALITY RE IX LTD;29.01.2018;10.01.2022;140000000; FALSE ;2,026;Quarterly;100;43;VTLE4589826;92849LAA3;Medical benefit claims levels;Healthcare;Multi;Healthcare;1;FALSE
Vitality Re V Ltd. (Series 2014-1);VITALITY RE V LIMITED;24.01.2014;07.01.2019;60000000; FALSE ;2,5;Quarterly;100;35;VTLE4090676;92848GAB3;Medical benefit claims levels;Healthcare;Multi;Healthcare;1;FALSE
Vitality Re V Ltd. (Series 2014-1);VITALITY RE V LIMITED;24.01.2014;07.01.2019;140000000; FALSE ;1,75;Quarterly;100;68;VTLE4090677;92848GAA5;Medical benefit claims levels;Healthcare;Multi;Healthcare;1;FALSE
Vitality Re VII Ltd. (Series 2016-1);VITALITY RE VII LIMITED;28.01.2016;07.01.2020;60000000; FALSE ;4,687;Quarterly;100;42;VTLE4329367;92848XAB6;Medical benefit claims levels;Healthcare;Multi;Healthcare;1;FALSE
Vitality Re VII Ltd. (Series 2016-1);VITALITY RE VII LIMITED;29.01.2016;07.01.2020;140000000; FALSE ;4,192;Quarterly;100;10;VTLE4329368;92848XAA8;Medical benefit claims levels;Healthcare;Multi;Healthcare;1;FALSE
Vitality Re VIII Ltd. (Series 2017-1);VITALITY RE VIII LTD;25.01.2017;08.01.2021;140000000; FALSE ;2,176;Quarterly;100;44;VTLE4446565;92848LAA4;Medical benefit claims levels;Healthcare;Multi;Healthcare;1;FALSE
Vitality Re VIII Ltd. (Series 2017-1);VITALITY RE VIII LTD;25.01.2017;08.01.2021;60000000; FALSE ;2,426;Quarterly;100;43;VTLE4446566;92848LAB2;Medical benefit claims levels;Healthcare;Multi;Healthcare;1;FALSE
Vitality Re X Ltd. (Series 2019);Vitality Re X Limited;24.01.2019;10.01.2023;140000000; FALSE ;2,176;Quarterly;100;34;VTLE4789291;92850FAA2;Medical benefit claims levels;Healthcare;Multi;Healthcare;1;FALSE
Vitality Re X Ltd. (Series 2019);Vitality Re X Limited;24.01.2019;10.01.2023;60000000; FALSE ;2,426;Quarterly;100;10;VTLE4789292;92850FAB0;Medical benefit claims levels;Healthcare;Multi;Healthcare;1;FALSE
Vitality Re XI Ltd. (Series 2020);VITALITY RE XI LTD;30.01.2020;09.01.2024;60000000; FALSE ;1,8;Quarterly;100;0;VTLE4940370;92851AAB0;Medical benefit claims levels;Healthcare;Multi;Healthcare;1;FALSE
Vitality Re XI Ltd. (Series 2020);VITALITY RE XI LTD;30.01.2020;09.01.2024;140000000; FALSE ;1,5;Quarterly;100;2;VTLE4940371;92851AAA2;Medical benefit claims levels;Healthcare;Multi;Healthcare;1;FALSE
Kilimanjaro III Re Ltd. (Series 2019-1);KILIMANJARO III RE LTD;12.12.2019;19.12.2024;150000000; FALSE ;15.910;Quarterly;100;20;KIMJF4922324;49407PAC4;U.S., Puerto Rico, U.S. Virgin Islands, D.C., Canada named storm and earthquake;International multi-peril;US & CA;International multi-peril;2;FALSE
Matterhorn Re Ltd. (Series 2020-1);MATTERHORN RE LTD;09.01.2020;07.12.2021;175000000; FALSE ;5.755;Quarterly;100;34;MHOR4928805;577092AB5;U.S. named storm;U.S. named storm and hurricane;US;U.S. named storm and hurricane;1;FALSE
Sierra Ltd. (Series 2019-1);SIERRA LTD;09.01.2020;28.12.2022;150000000; FALSE ;4.305;Quarterly;100;22;SRLE4928591;826359AA9;U.S. earthquake;U.S. earthquake;US;U.S. earthquake;1;FALSE
Residential Reinsurance 2017 Limited (Series 2017-2);RESIDENTIAL REINS 2017 LTD;17.11.2017;06.12.2021;110000000; FALSE ;13.507;Quarterly;100;38;USAA4561908;76118XAE6;U.S. tropical cyclones (plus renter policy flood), earthquakes (plus fire following and renter policy flood), severe thunderstorm, winter storm, wildfire, volcanic eruption, meteorite impact, other perils;U.S. multi-peril;US;U.S. multi-peril;7;TRUE
Sanders Re II Ltd. (Series 2020-1);SANDERS RE II LTD ACTING IN RESPECT SEGR;30.03.2020;08.04.2024;150000000; FALSE ;4.702;Quarterly;100;0;SNDL4960198;80000VAA1;U.S. (ex Florida) named storm, earthquake, severe weather, fire, other perils;U.S. multi-peril;US;U.S. multi-peril;4;TRUE
Stratosphere Re Ltd. (Series 2020-1);Stratosphere Re Ltd.;24.01.2020;07.02.2023;100000000; FALSE ;.000;Quarterly;100;858;SRLT4938712;86310AAA9;U.S. named storm, earthquake, winter storm, severe thunderstorm;U.S. multi-peril;US;U.S. multi-peril;4;FALSE
Citrus Re Ltd. (Series 2014-1);CITRUS RE LTD;01.04.2014;18.04.2019;150000000; FALSE ;5.539;Quarterly;100;116;QSTT4116812;177510AA2;U.S. named storms (Florida only initially);U.S. named storm and hurricane;US;U.S. named storm and hurricane;1;FALSE
Atlas IX Capital Limited (Series 2013-1);ATLAS IX CAP DAC;01.10.2013;17.01.2019;180000000; FALSE ;4.585;Quarterly;100;39;ATLZ4049091;049382AB0;Extreme mortality;Extreme mortality;Multi;Extreme Mortality;1;FALSE
Residential Reinsurance 2014 Ltd. (Series 2014-1);Residential Reinsurance 2014 Ltd;30.05.2014;06.06.2018; 80.000.000 ; FALSE ;3,50;Quarterly;100,00;38;-;76117QAA0;U.S. tropical cyclones, earthquakes, severe thunderstorms, winter storms, wildfire, meteorite impact, volcanic eruption;U.S. multi-peril;US;U.S. multi-peril;7;TRUE
Residential Reinsurance 2014 Ltd. (Series 2014-1);Residential Reinsurance 2014 Ltd;30.05.2014;06.06.2018; 50.000.000 ; FALSE ;0,50;Quarterly;100,00;49;-;76117QAB8;U.S. tropical cyclones, earthquakes, severe thunderstorms, winter storms, wildfire, meteorite impact, volcanic eruption;U.S. multi-peril;US;U.S. multi-peril;7;TRUE
Residential Reinsurance 2013 Ltd. (Series 2013-2);Residential Reinsurance 2013 Ltd;31.05.2013;06.06.2017; 70.000.000 ; FALSE ;;Quarterly;100,00;34;-;76117PAD6;U.S. tropical storms, U.S. earthquakes, severe thunderstorms, winter storms and wildfires in California;U.S. multi-peril;US;U.S. multi-peril;4;TRUE
Residential Reinsurance 2013 Ltd. (Series 2013-1);Residential Reinsurance 2013 Ltd;31.05.2013;06.06.2017; 205.000.000 ; FALSE ;;Quarterly;100,00;47;-;76117PAB0;U.S. hurricane, U.S. earthquake, U.S. severe thunderstorm, U.S. winter storm and California wildfire;U.S. multi-peril;US;U.S. multi-peril;5;TRUE
Residential Reinsurance 2013 Ltd. (Series 2013-2);Residential Reinsurance 2013 Ltd;02.12.2013;06.06.2019; 80.000.000 ; TRUE ;0,50;Quarterly;100,00;43;-;76117PAC8;U.S. tropical storms, U.S. earthquakes, severe thunderstorms, winter storms and wildfires in California;U.S. multi-peril;US;U.S. multi-peril;4;TRUE
Manatee Re Ltd. (Series 2015-1);Manatee Re Ltd;27.03.2015;22.12.2017; 100.000.000 ; FALSE ;;Quarterly;100,00;32;-;562013AA0;U.S. named storm (Florida initially);U.S. named storm and hurricane;US;U.S. named storm and hurricane;1;FALSE
